insert into artist (id, version, name) values (1, 0, 'Ardys Yosselevitch');
insert into artist (id, version, name) values (2, 0, 'Harriott Goad');
insert into artist (id, version, name) values (3, 0, 'Gianni Hazzard');
insert into artist (id, version, name) values (4, 0, 'Demetre Tilford');
insert into artist (id, version, name) values (5, 0, 'Henrietta Twittey');
insert into artist (id, version, name) values (6, 0, 'Joella Lanston');
insert into artist (id, version, name) values (7, 0, 'Antonino Maryska');
insert into artist (id, version, name) values (8, 0, 'Alonzo Arundell');
insert into artist (id, version, name) values (9, 0, 'Addia Tongs');
insert into artist (id, version, name) values (10, 0, 'Corri Banat');
insert into artist (id, version, name) values (11, 0, 'Isacco Mugford');
insert into artist (id, version, name) values (12, 0, 'Maxwell Whitley');
insert into artist (id, version, name) values (13, 0, 'Sidonia Goodfield');

insert into song (id, version, title, artist_id) values (1, 0,  'Oak, The (Balanta)', 1);
insert into song (id, version, title, artist_id) values (2, 0,  'Commare secca, La (Grim Reaper, The)', 3);
insert into song (id, version, title, artist_id) values (3, 0,  'Tequila Sunrise', 5);
insert into song (id, version, title, artist_id) values (4, 0,  'Cycling with Moliere (Alceste à bicyclette)', 7);
insert into song (id, version, title, artist_id) values (5, 0,  'Hollow Man', 9);
insert into song (id, version, title, artist_id) values (6, 0,  'Special Day, A (Giornata particolare, Una)', 11);
insert into song (id, version, title, artist_id) values (7, 0,  '2046', 13);
insert into song (id, version, title, artist_id) values (8, 0,  'Liar''s Dice', 2);
insert into song (id, version, title, artist_id) values (9, 0,  'Killer Joe', 4);
insert into song (id, version, title, artist_id) values (10, 0,  'Town Without Pity', 6);
insert into song (id, version, title, artist_id) values (11, 0,  'Chained for Life', 8);
insert into song (id, version, title, artist_id) values (12, 0,  'Romance & Cigarettes', 10);
insert into song (id, version, title, artist_id) values (13, 0,  'Special Delivery', 12);
insert into song (id, version, title, artist_id) values (14, 0,  'White Massai, The (Weisse Massai, Die)', 1);
insert into song (id, version, title, artist_id) values (15, 0,  'High Fidelity', 2);
insert into song (id, version, title, artist_id) values (16, 0,  'Keeper of the Flame', 3);
insert into song (id, version, title, artist_id) values (17, 0,  'I Belong (Som du ser meg)', 4);
insert into song (id, version, title, artist_id) values (18, 0,  'Great!', 5);
insert into song (id, version, title, artist_id) values (19, 0,  'Fear Over the City', 5);
insert into song (id, version, title, artist_id) values (20, 0,  'Dupes, The (Al-makhdu''un)', 6);

insert into song_genres (song_id, genres) values (8, 'Horsetail Paspalum');
insert into song_genres (song_id, genres) values (2, 'Britton''s Spikerush');
insert into song_genres (song_id, genres) values (13, 'Lassen County Bluegrass');
insert into song_genres (song_id, genres) values (15, 'Delicate Buttercup');
insert into song_genres (song_id, genres) values (11, 'American Marshpennywort');
insert into song_genres (song_id, genres) values (2, 'Ashe''s Sumac');
insert into song_genres (song_id, genres) values (1, 'Black Sweetwood');
insert into song_genres (song_id, genres) values (11, 'Creeping Sibbaldia');
insert into song_genres (song_id, genres) values (11, 'Yerba De Clavo');
insert into song_genres (song_id, genres) values (1, 'Smartweed Leaf-flower');
insert into song_genres (song_id, genres) values (6, 'Greeley Springparsley');
insert into song_genres (song_id, genres) values (4, 'Currant');
insert into song_genres (song_id, genres) values (16, 'Coastal Plain Flatsedge');
insert into song_genres (song_id, genres) values (20, 'Swordleaf Phlox');
insert into song_genres (song_id, genres) values (9, 'Slender-fruit Saltbush');
insert into song_genres (song_id, genres) values (5, 'Parásita');
insert into song_genres (song_id, genres) values (4, 'San Francisco Spineflower');
insert into song_genres (song_id, genres) values (18, 'Illosporium Lichen');
insert into song_genres (song_id, genres) values (19, 'Cape Francais Stalkgrass');
insert into song_genres (song_id, genres) values (3, 'Spring Speedwell');
insert into song_genres (song_id, genres) values (20, 'Mountain Deathcamas');
insert into song_genres (song_id, genres) values (11, 'Brownseed Paspalum');
insert into song_genres (song_id, genres) values (12, 'Splendid Mariposa Lily');
insert into song_genres (song_id, genres) values (17, 'Golden-yarrow');
insert into song_genres (song_id, genres) values (19, 'Hawthorn');
insert into song_genres (song_id, genres) values (12, 'Arizona Hedgehog Cactus');
insert into song_genres (song_id, genres) values (18, 'Piper Mistletoe');
insert into song_genres (song_id, genres) values (10, 'Bighead Pygmycudweed');
insert into song_genres (song_id, genres) values (14, 'Dubautia');
insert into song_genres (song_id, genres) values (2, 'Hybrid Spruce');
insert into song_genres (song_id, genres) values (6, 'Early Onion');
insert into song_genres (song_id, genres) values (10, 'Prairie Pleuridium Moss');
insert into song_genres (song_id, genres) values (9, 'Hypotrachyna Lichen');
insert into song_genres (song_id, genres) values (8, 'Parry''s Jujube');
insert into song_genres (song_id, genres) values (12, 'Hoary Manzanita');
insert into song_genres (song_id, genres) values (3, 'Slaty Gum');
insert into song_genres (song_id, genres) values (17, 'Tupelo');
insert into song_genres (song_id, genres) values (19, 'Red Dock');
insert into song_genres (song_id, genres) values (12, 'Texas Beeblossom');
insert into song_genres (song_id, genres) values (10, 'Ozark Hawthorn');
insert into song_genres (song_id, genres) values (17, 'Yellowbeak Owl''s-clover');
insert into song_genres (song_id, genres) values (5, 'Texan Phlox');
insert into song_genres (song_id, genres) values (19, 'Script Lichen');
insert into song_genres (song_id, genres) values (16, 'Bushy Blazingstar');
insert into song_genres (song_id, genres) values (7, 'Slender Cottongrass');
insert into song_genres (song_id, genres) values (20, 'Rhodobryum Moss');
insert into song_genres (song_id, genres) values (13, 'Buckwheat');
insert into song_genres (song_id, genres) values (3, 'Wart Lichen');
insert into song_genres (song_id, genres) values (8, 'Kealia Cyanea');
insert into song_genres (song_id, genres) values (14, 'Abruptbeak Sedge');